poi_id,poi_name,poi_type,poi_subtype,commentId,content,score,touristTypeDisplay,timeDuration,sortType,commentTagId,source,publish_date,city,景点名,sentiment,is_study,age_group,月份,季节,节假日
76144,上海博物馆,知识科普型,博物馆,202487706,感谢黎老师精彩的讲解～准备很充分！提前建群，发 PPT 让大家提前做功课，带着问题去游览，孩子说一看就是个“老师”😂做为一名学文的高中生，在初中时期就对古埃及文明感兴趣，当看到老师出示的图片和结合文物的讲解，就如知识再现。老师在讲解中也几次提到他的同学以及一些学术大师教授等，希望能对孩子未来的学习方向有一定的帮助～希望常联系～多向老师学习👍,5,家庭亲子,3小时,,,,2025-01-26,上海,,正面评论,TRUE,高中,1,冬,寒假
80261,上海科技馆,知识科普型,科技馆,163543496,非常值得一去，08年高三时候去过一次，位于浦东新区，馆内非常富有高科技，各种各样的野生动物及其树木与标本包括OPEC会议以前在这举行，非常具有跨里程碑意义。非常值得一去！很喜欢！上海科技馆是上海市人民政府为贯彻落实科教兴国战略，提高城市综合竞争力和市民科学文化素养而投资兴建的具有中国特色、时代特征、上海特点的综合性的自然科学技术博物馆，是对公众进行科普教育的公益性机构，是中国重要的科普教育基地和精神文明建设基地。有机会再去看看。,5,,,,,,2020-05-29,上海,,正面评论,TRUE,高中,5,春,春季学期
80261,上海科技馆,知识科普型,科技馆,162850232,适合初高中的学生去学习体验。也能学到一些东西 ，可以看到很多高科技，还有3d打印等等，也有很多地方有人讲解，基本上得一天。,4,,,,,,2020-02-15,上海,,正面评论,TRUE,初中，高中,2,冬,寒假
80261,上海科技馆,知识科普型,科技馆,158718902,赶上假期，人很多，从1楼逛到3楼，总体感觉适合初高中的学生，太小的宝儿，不适合。感觉，空间很大，但是没有很好的利用起来，科普的作用没有达到，全是空着的，楼很大，很宽敞，但是里面项目没有多少，另外全国的科技馆都对小孩子免费，这里为什么还收费,5,,,,,,2019-05-07,上海,,正面评论,TRUE,初中，高中,5,春,春季学期
80261,上海科技馆,知识科普型,科技馆,157939355,带孩子玩，孩子特别开心，早上九点钟不到就到门口了，先预约食物的旅行，再排队等待进去，入了馆内我们先上三楼参观，三楼适合初中高中生参观学习，孩子六岁不太感兴趣，到了二楼机器人他很喜欢，一楼儿童乐园，动物世界也感兴趣,5,,,,,,2019-02-17,上海,,正面评论,TRUE,高中,2,冬,寒假
80261,上海科技馆,知识科普型,科技馆,176746992,少儿科技启蒙教育非常好的地方初高中生来了也挺好，涨知识，,5,,,1,,,2023-06-23,上海,,正面评论,TRUE,初中，高中,6,夏,春季学期
30501652,长兴岛郊野公园,知识科普型,植物园,172925295,长兴岛是距离市区很近，仅需半小时航程。它也是规模较大的柑橘种植基地之一，素有“橘乡”、“净岛”、“长寿岛”之美称。景点主要有上海橘园、垂珠园、上海特技城、先丰度假村、石沙野生动物园、绿岛芦荡迷宫、星岛度假乡村俱乐部等，其中橘园处于长兴岛中部，是前卫农场万亩桔园中的一片精品园。每到深秋季节，岛上还会举办上海柑橘节，非常热闹。历来上海市区部分高中学校的学农活动也会选择长兴岛的橘园。,5,,,,,,2022-10-02,上海,,正面评论,TRUE,高中,10,秋,十一假期
75910,中国科学院西双版纳热带植物园,知识科普型,植物园,185680195,本来抱着带孩子去学习的心情去的，结果在窗口请的讲解是一位高中生，全程只是很机械式的告诉我们是什么植物，完全没有趣味性，导致我们失去了兴趣，真的建议这么重要的一个景点，能否多培养一些专业的讲解员，不要太糊弄，说是培训上岗，好歹也找一些专业的大学生吧，一个高中毕业生，根本不知道额外的知识，而且讲解费很贵，300多，真不知道哪里值三百多了，本来想退的，但看着小姑娘实习也不容易，但所以我们大老远去的游客来说真的很失望,3,家庭亲子,3小时,1,0,,2024-07-08,云南,,中性评论,TRUE,高中,7,夏,暑假
79726,建水燕子洞,自然观赏型,自然保护区,181665269,为什么没有成年学生买学生票还要要求身高不超过1米4，难道高一学生就得一米三啊？告诉身份证号还说不可以查询，没有带身份证的身高还得成人票，一米四以上的学生，侵犯学生权益,2,家庭亲子,1小时,,,,2024-05-01,云南,,负面评论,TRUE,高中,5,春,五一假期
75911,野象谷,自然观赏型,自然保护区,174721809,全程步行，大象喂食，大象学校可近距离接触大象，北门的亚洲象博物馆值得一看，走二期步栈道看到大象的几率高一点。还是值得一来的。PS：导游小哥哥郭猫猫还是很负责专业的。,5,家庭亲子,,,,,2023-01-27,云南,,正面评论,TRUE,高中,1,冬,寒假
84519,阿尔山国家森林公园,自然观赏型,国家公园,164423338,景色被景区的管理模式给完全糟蹋了。时间都被浪费了。建议避雷。本质上，这样性质的国家森林公园并不合适景区班车的形式(居然还不是流水班!)，因为景区太大，应该开放自驾，并配合徒步道，露营地等。丧。。。叹息。。。另外，景区将山火写成火山，将高一点的小湖写成天池，将沟写成大峡谷，将低一点的河流写成潭，总是让人有些。。。,1,,,1,0,,2020-09-13,内蒙古,,负面评论,TRUE,高中,9,秋,秋季学期
87211,中国地质博物馆,知识科普型,博物馆,177465269,其实我们是一个四人团队，我享受国家博物馆的免费规定，女儿和她同学，三人免费，只有她妈妈买了￥30的门票，没办法，政策要用足嘛，感谢携程！能在如此炎热的天气出门参观并真心实意的学习知识，说明那就是真爱啊！为初三毕业的女儿和同学点赞！过了暑假就是高中生了！,5,家庭亲子,,,,,2023-07-04,北京,,正面评论,TRUE,高中,7,夏,暑假
87211,中国地质博物馆,知识科普型,博物馆,181341885,太棒了，对于小学六年级和初高中的孩子真的非常有学习意义，两百块钱请的讲解，讲得太棒了，完全是专家级别的讲解，简直就是上了一堂特别专业的地理课，而且还很有趣味性。而且这里还特别具有观赏性，各种宝石玉石简直太漂亮了，强烈推荐！,5,家庭亲子,2小时,,,,2024-04-05,北京,,正面评论,TRUE,小学，初中，高中,4,春,春季学期
87211,中国地质博物馆,知识科普型,博物馆,219268904,非常值得一去，在北京这么多年，第一次去，是孩子高中学校要求的，非常棒，有助于学习地理和化学，种类很丰富，对增长孩子见识很有帮助,5,家庭亲子,3小时,,,,2025-08-05,北京,,正面评论,TRUE,高中,8,夏,暑假
90785,中国科学技术馆,知识科普型,科技馆,175952462,一位很漂亮的女老师讲解的，40-50岁吧，姓啥忘了，讲的很认真，重点清晰。馆里能体验，还有人讲解原理，是挺好的，原来初高中课本里学的内容，和我们的生活息息相关，学习知识可以应用，不只是为了考试。得玩一天吧，中午可以点外卖，要去西门外面取餐，出去时记得手上扣戳，回来时有人检查，也可以在负一楼餐厅吃午餐。累了就在小凳子上休息，最好带个垫子，凳子上还是凉，建议穿长裤长衣，科技馆里开空调比外边凉。保洁人员把科技馆打扫的很干净，随时能看见他们在打扫。人们也自觉清理自己用过的垃圾，这点还是很棒的，高素质的人值得人尊敬。离鸟巢水立方挺近，但是最好一天就玩一个科技馆就行了，玩太多就太累了，想去奥塔俯瞰北京，但是天气不太好，没去上，退费没扣费挺好。科技馆适合遛孩子，如果大人也懂一些原理，能给孩子讲讲就更好了。小一点的孩子就玩体验，大一点的孩子就理论联系实际，科技真的很厉害，知识都不白学。国家投入了大量的资金修建这个科技馆，向老百姓普及科学知识，特别感谢国家。上下电梯都有人帮着按电梯，还遇到了幼儿园小学初高中研学的学生们，北京资源多，孩子们很幸福呀，每年来，北京都可以来一次科技馆，其他的馆应该也很棒,5,家庭亲子,,,,,2023-05-26,北京,,正面评论,TRUE,小学，初中，高中,5,春,春季学期
90785,中国科学技术馆,知识科普型,科技馆,167288646,主要是适合科普教育，高中生以下的学生去会很好玩，高中以上的理科生去没有太多意义,5,家庭亲子,,,,,2021-07-27,北京,,正面评论,TRUE,高中,7,夏,暑假
90785,中国科学技术馆,知识科普型,科技馆,174893039,1.针对性太强。都是初高中物理知识。小学中低年级以下的孩子不要去，根本听不懂。初中对自然科学感兴趣、求知好学的学生可以去。 2.携程网上订的票，去了之后才知道是团队票。有讲解员，但是很啰嗦。 3.如图所示的牌牌太多,2,,,,,,2023-02-12,北京,,负面评论,TRUE,初中，高中,2,冬,寒假
75605,周口店北京人遗址博物馆,知识科普型,博物馆,159776725,随买随用很方便，优惠么只有一点点。2019是裴文中先生发现第一个北京人头盖骨90周年，闭馆改造三年的周口店遗址重新开放，全新的开放式钢结构保护棚依托洞穴而建，825块叶片有如穿山甲的鳞片与山石、岩壁、植被浑然一体。依据不同的挖掘层，参观通道深入洞穴、蜿蜒盘旋，现代化的声、光、电亦步亦趋，展示讲解，登高一览，无比震撼！中国古脊椎动物学、旧石器时代考古学的奠基人- 杨钟健先生、裴文中先生、贾兰坡先生等先驱就长眠于这座山上，他们毕生致力于中国考古研究，令人无比感佩！而今天，七七事变82周年的日子里，不能不提的是，起始于上世纪二十年代的周口店北京猿人遗址发掘和研究工作，正是由于卢沟桥事变而被迫中断，此后不久，北京人头盖骨等一批全人类的无价之宝不幸丢失！战争是人类的劫难、战争是文明的劫难！在特殊的日子里、以特殊的方式寻古探今，学习历史、反省战争，未有终点……,5,,,,,,2019-07-17,北京,,正面评论,TRUE,高中,7,夏,暑假
76620,国家自然博物馆,知识科普型,博物馆,166026655,比九十年代展出的展品要少，虽然是面向公众教育，不过展品只适合高中以下的孩子看。,3,,,,,,2021-03-23,北京,,中性评论,TRUE,高中,3,春,春季学期
76603,首都博物馆,知识科普型,博物馆,163348372,我这边逛逛也是挺不错的一种体验，个人认为呢啊，没有门票啊，来这边学习啊，这个是不是真的是非常值得的，提高一下个人的视野。,5,,,,,,2020-05-02,北京,,正面评论,TRUE,高中,5,春,五一假期
80595,台北故宫博物院,知识科普型,博物馆,159311816,学完高中教育再看更有感觉 有很多件展品是课本上曾经出现过的，很高兴有机会能亲自看到它们。特别印象深刻的是那颗长得像肉的石头、太惊人了,5,,,,,,2019-06-15,台湾,台北故宫博物院,正面评论,TRUE,高中,6,夏,春季学期
78239,长影世纪城,文化康乐型,影视城,221479322,去之前看评价一般就没有买白天的票，只买了夜场票，去了后发现里面真的不大，设备也挺旧。晚上演出还是不错，烟花也漂亮。但是门票为啥有儿童票和大学生票的优惠，忽略了初高中生群体的优惠呢，这部分孩子在其他地方都有优惠，这里为啥孩子和成人票一个价呢？,4,家庭亲子,,,,,2025-08-22,吉林,,正面评论,TRUE,高中,8,夏,暑假
78239,长影世纪城,文化康乐型,影视城,181681931,极差，体验感不好，项目体验时间短，每项要排队两小时，尤其检票人员*****，说大学生享受学生票，我们高中生，硬别着让我们买成人票，想问这是什么逻辑？？,1,家庭亲子,5小时,,,,2024-05-03,吉林,,负面评论,TRUE,高中,5,春,五一假期
82720,三星堆博物馆,知识科普型,博物馆,201342548,三星堆适合高中前的孩子游览学习，满足了孩子对神秘历史的探索心理，并且室外园林做得也不错，但是大约看完博物馆也没有多余的力气游山玩水了，可以带着吃的在园区里坐会儿,5,家庭亲子,4小时,,,,2025-01-10,四川,,正面评论,TRUE,高中,1,冬,寒假
80657,剑门关,自然观赏型,国家公园,167195997,剑门关，在高中课本中学习时就已向往，今天终于来到了令我魂牵梦绕的地方，开心。,5,,,,,,2021-07-18,四川,,正面评论,TRUE,高中,7,夏,暑假
10548441,成都川菜博物馆,知识科普型,博物馆,190314265,讲解员老师很努力带着小朋友去学习和玩。  就是一个缺点，那个小吃品尝区，能不能多找几个人把卫生再提高一点，大家都是带着孩子来玩的，吃什么其实不重要，把环境弄好，大家开心就可以了。,4,家庭亲子,3小时,,,,2024-08-18,四川,,正面评论,TRUE,高中,8,夏,暑假
38381108,成都自然博物馆,知识科普型,博物馆,187318230,非常适合中学生，高中生，可以结合课本了解自然知识，具有教育意义,5,家庭亲子,,,,,2024-07-25,四川,,正面评论,TRUE,高中,7,夏,暑假
38381108,成都自然博物馆,知识科普型,博物馆,211709359,"初高中的时候学习汉文,能看到学过的人的诗。",5,单独旅行,,,,,2025-05-15,四川,,正面评论,TRUE,高中,5,春,春季学期
76340,杜甫草堂,知识科普型,博物馆,219706138,为了让孩子更深刻地了解杜甫草堂及背后历史故事，在携程上报了研学团，虽然比一般讲解价格高一些，但物有所值。老师讲的很专业，很认真，准备很充分，从历史背景，人物字迹，把诗词脉络整理得很清晰，讲解生动有趣，深入浅出，孩子们如沐春风，印象深刻。,5,家庭亲子,2小时,,,,2025-08-09,四川,,正面评论,TRUE,高中,8,夏,暑假
76340,杜甫草堂,知识科普型,博物馆,220285395,美美的，我本人就是高中生建议来成都都来这里看看，还能了解到诗人的背景故事加深影响和理解，提高我们对诗词学习的兴趣,5,单独旅行,,,,,2025-08-13,四川,,正面评论,TRUE,高中,8,夏,暑假
76340,杜甫草堂,知识科普型,博物馆,161776406,观看古人居住的住房，结合诗词想象古人生活的生活环境。诗人杜甫的诗词意境也可更好的理解，初、高中学生，值得去旅游，体验诗词中的草堂！,5,,,5,0,,2019-10-30,四川,,正面评论,TRUE,高中,10,秋,秋季学期
76341,武侯祠,知识科普型,博物馆,207556224,诸葛亮的陵墓，是每个去成都的人必须要参观的地方之一，也是每个爱好三国历史的人不得不去的一个地方，非常具有教育意义，无数人也是被高中课本的那首诗吸引到这里来的,5,单独旅行,,,,,2025-04-01,四川,,正面评论,TRUE,高中,4,春,春季学期
90393,海合安成都极地海洋公园,知识科普型,动物园,159695538,适高一以下学生游玩，一家人游玩比较开心，公园+娱乐设施+各种表演+极地动物。遗憾，商业氛围太浓，饮食价格倒不贵。,4,,,5,0,,2019-07-11,四川,,正面评论,TRUE,高中,7,夏,暑假
87558,盐业历史博物馆,知识科普型,博物馆,161321856,我本人觉得值得一游，尤其是带小朋友去，可以学习很多知识，小朋友是感觉不到生活的艰辛和不容易的，当然也不能说去一趟就能改变些什么观念，只是希望能提高一些他的认知吧。额外，景区小讲解员很不错哦，值得鼓励。,5,,,,,,2019-10-04,四川,,正面评论,TRUE,高中,10,秋,十一假期
111989205,日照市科技馆,知识科普型,科技馆,178210461,不适合12岁以下儿童观摩，比较适合高中生大学生去研究，场馆很多物理知识没有高等文化根本看不懂。,3,,1小时,,,,2023-08-09,山东,,中性评论,TRUE,高中,8,夏,暑假
10559061,青岛啤酒博物馆,知识科普型,博物馆,180586859,团的沉浸式游戏体验青岛啤酒博物馆，博物馆主要分A、B两馆，团的订单包括了四馆活动，外加简餐。 《觉醒的酿造师》玩前要先熟悉一下剧本人物，开始前由工作人员扮演角色，讲剧情发展，要认真记，更适合高中生和大学生体验。总体节奏紧凑，在剧情中逛博物馆总感觉太赶了，没有时间好好参观一下，只是在找线索推进剧情而已，可以排队领取免费品尝的啤酒和小食，光影馆比较小，一会就逛完了。最后出口有餐厅，可以点餐，但是只有香肠还不错。博物馆夜间还有灯光秀，适合小孩子去玩。,5,家庭亲子,,,,,2024-02-02,山东,,正面评论,TRUE,高中,2,冬,寒假
76901,南越王博物院(王墓展区),知识科普型,博物馆,221133431,这个博物馆，很适合带国中及高中小孩来了解观看，内含历史文化意义，可以知道从书本及网络上学习看到的，实际呈现在眼前所看见，会比凭空去想像的差很多，非常值得推荐来参观,5,家庭亲子,,,,,2025-08-20,广东,,正面评论,TRUE,高中,8,夏,暑假
87819,广东科学中心,知识科普型,科技馆,210878361,孩子们增加科技知识，激发探索兴趣，便于物理，化学，生物的学习。一天参观下来，孩子表示学有所获，期待会考加油，为高中入学拿稳一入场券。,5,家庭亲子,,,,,2025-05-06,广东,,正面评论,TRUE,高中,5,春,春季学期
10539573,南宁孔庙,知识科普型,博物馆,166394953,碰到一批高三学生搞毕业礼，整个孔庙巨多人，还有点乱糟糟的，都不知道怎么逛，进去没几分钟就出来了，啥也没看到，白跑一趟。,3,家庭亲子,,,,,2021-05-02,广西,,中性评论,TRUE,高中,5,春,五一假期
91492,中国科举博物馆(江南贡院),知识科普型,博物馆,160576177,四层博物馆，值得初高中孩子去参观学习，不要总是抱怨学习太累，看看古人，现在的学习、考试条件不知道好了多少﹉,5,,,,,,2019-08-24,江苏,,正面评论,TRUE,初中，高中,8,夏,暑假
10770621,江宁织造博物馆,知识科普型,博物馆,218415163,博物馆挺大的，带着孩子，提前学习曹雪芹和红楼梦，接下来高中要学了，可以慢慢逛逛看看,5,家庭亲子,2小时,,,,2025-07-29,江苏,,正面评论,TRUE,高中,7,夏,暑假
55183170,海合安苏州阳澄半岛乐园,文化康乐型,影视城,190586488,体验感一般，适合高中生大学生年龄段游玩，装饰一般,2,其他出游,1天,1,0,,2024-08-22,江苏,,负面评论,TRUE,高中,8,夏,暑假
75694,紫金山天文台,体验考察型,研学,209305041,家里有初高中生的值得去，有天文仪器和一些相关历史和科学介绍，还碰到了研学的高中生。上面有观景台 ，可看玄武湖和部分城景。我们一家三口公交车315到紫金山索道口，同站有20路车。然后自己爬山上去的，爬山有两条道，一条进入后不久在右手边，台阶多，爬起来累，但会稍微快10来分钟吧，另一条平坦一点。我们周六去的，在路口处停了一辆绿色中巴，大约二十分钟看人数多少可以直接开到天文台（15元单程，周一到周五从白马公园，直接开到天文台），我们下山时赶时间就是乘这个绿色中巴下山的，然后在索道口喊了网约车离开的。,5,家庭亲子,2小时,,,,2025-04-20,江苏,,正面评论,TRUE,初中，高中,4,春,春季学期
75694,紫金山天文台,体验考察型,研学,189911233,学校组织高中旅行去的紫金山，当时的缆车还是最简易的那种😎所以这次来南京一定要带孩子上紫金山，虽然现在天文台已经不再具备实际工作作用了，但是里面的仪器还是值得带孩子看看的。头陀岭的雾凇境色很是虚幻😊,5,家庭亲子,,,,,2024-08-17,江苏,,正面评论,TRUE,高中,8,夏,暑假
80131,红山森林动物园,知识科普型,动物园,165892796,在我们的传统观念里可能会觉得，“去动物园看猴子去”，满足自己的围观猎奇心理。在那本《逛动物园是件正经事》里我到这样一段话，上个世纪五十到七十年代，动物园起源于在人民公园基础上一小块地用来做动物角，饲养动物满足娱乐，即使后来移到了郊区，但是这样的性质并没有改头换面，曾经和一个朋友戏言，动物园里最幸福的是松鼠猴这些，因为我和弟弟小的时候去动物园记忆比较深的就是这样的动物，它们群居不寂寞不压抑，天生小巧可爱爱闹惹人爱，最可怜的就是黑乎乎的笼子里的狮子老虎，但是南京红山动物园改变了我的看法，漂亮优雅的长颈鹿，像个教养良好的大家闺秀，充满灵气，细尾獴馆人性化的金字塔，趴在树上的黑熊，精心设计的馆区，据说亚洲灵长馆可能是中国设计最好的，动物可以自由自在的活动，最精心的是我的本命生肖，老虎，像个春风得意马蹄疾的状元郎，漂亮，俊美，矫健，仿佛记忆里小时候动物园铁笼子里悲惨哀怨的老虎重获新生了，——这里也想请思考，让小孩子看那些阴森森的哀怨悲惨福利低得动物真的好吗？从“去动物园看猴子”到走向生命教育，是动物园必经的现代化探索之路。听见那些大言不惭的说这是野鸡，我小时候吃过的某男真替他丢人。因为是春天，孔雀开屏的很多大饱眼福。看见了猴子宝宝和妈妈的亲切互动，在小鹿坡看见一本换牙相册，还有翘着小脚脚的大熊猫，哥们拉粑粑的地方青草特别肥，充满热带气息的犀鸟，红蓝cp聚在一起的鹦鹉，洁白的白龙雀，富丽的红腹锦鸡，小黑熊爬树的时候好像人一样努力往前欠脚，大熊猫打呵欠翻身爬不起来的可爱胖子，猕猴划水，考拉宝宝的画像——我终于看见曾经每个高中老师都用过的电脑屏保了。希望那些美好温柔的生命可以让我们多多思考，在经济发展到一定程度，我们的传统观念可不可以更人性化的考虑，让它们活得自由，从它们身上学习感受更多自由美好的东西，动物园应该是承担着自然生命教育责任的地方，,5,,,,,,2021-03-05,江苏,,正面评论,TRUE,高中,3,春,春季学期
80131,红山森林动物园,知识科普型,动物园,215072082,还行，毕竟门票也不是特别贵，相对于来说还是比较值的。但是，最近暑假人多，高中生，大学生挺多人的。天气热,4,家庭亲子,,1,0,,2025-06-21,江苏,,正面评论,TRUE,高中,6,夏,春季学期
22550274,苏州大学(天赐庄校区),励志拓展型,大学,157942104,苏州大学有若干校区，我们去了学校本部和与它相邻的东校区。寒假学校禁止进入，我们绕围墙步行2公里，换了一个门，并出示了孩子高中在读的学生证，说明了一下，即将高考的孩子希望能去学校看看。这次门卫师傅理解性的允许我们进入校园参观。校园真美，尤其是东吴大学旧址区域，百年校园的沉淀也是文化的沉淀。从本部直接跨桥进入东校区，孩子的同学想考经济学院，孩子热心地去帮他拍照片了。每次的校园行是我们旅游的主题之一。理解苏大，闲人不能入内的初衷，但以何种方式做好还是值得改善的。优秀的大学，开放性与包容性也是必不可少的。,5,家庭亲子,,,,,2019-02-18,江苏,,正面评论,TRUE,高中,2,冬,寒假
18043099,苏州状元博物馆,知识科普型,博物馆,160356994,姑苏状元，甲冠天下，当时产生文武状元七百名左右，占比为全国各州之首！ 北宋以后重文风气影响及府学县学的广泛普及，为当时苏州读书人提供良好的教育条件及文化熏陶。江南富庶的经济为读书人提供了安心科举的稳定环境与优越条件。 苏州状元辈出，不仅从侧面反应苏州政治，经济的发达，更体现了一座历史名城所拥有的深厚历史文化积淀。 很多想高中状元，学业有成的人到此处许愿，望金榜题名 地铁站出来不远大约要有10分钟。在平江路附近，有时间限制，适合游览大约30分钟-40分钟。 如果正门闭园了，可以从出口的纪念品店铺进去，老板娘一般会同意的，而且人挺好的。（当时亲眼所见有一些人闭园才来按刚才说法成功进入，老板娘主动邀请的）,5,,,,,,2019-08-14,江苏,,正面评论,TRUE,高中,8,夏,暑假
10758140,西津渡历史文化街区,知识科普型,历史文化遗产,158397176,作为一名江苏大学本科四年都在镇江的外地学生，我早已经爱上了这片土地。从高中开始，对于书本的热爱就从未间断。买过kindle，用过ipad，它们陪伴我度过了很多午后时光。 四年来，我走过无数街道，去过很多家书店、书屋、咖啡厅，大市口的、学府路的，也不能说它们不好，只是我不习惯那种商业气氛浓郁的地方罢了。没有读书卡不得进入、必须买饮品才能落座，虽然合乎情理，但当我被提示是否再买一杯时，总带给我一丝窘迫。 恰巧，答应了女友阳春三月下扬州，但由于毕业事宜，只能重游西津古渡。在古街上，意外的发现了这家书房，顿时生出兴趣，查询了一番，发现这栋小楼是以前镇江的英租界，保存完好。敲门进店询问，店员表示现在正在前期筹备，6月份就能开放。我也只能笑一笑，大学四年都没有找到的书房，在我的毕业时节出现，实在是有点造化弄人。 不灭的理想，不关灯的书房，希望看到这篇点评的学弟学妹们，能替我来这里，完成我大学时候的愿望。,5,,,,,,2019-04-13,江苏,,正面评论,TRUE,高中,4,春,春季学期
86620,景德镇古窑民俗博览区,知识科普型,历史文化遗产,207747520,景德镇古窑民俗博览区， 位于景德镇市瓷都大道古窑路。 是以陶瓷文化为主题的 国家级旅游景区。  人文历史：  古窑始建于五代， 在宋、元、明、 清后不断发展壮大。  景区布局：  分为： 历代古窑展示区、 陶瓷民俗展示区、 水岸前街创意休憩区。  主要景点有：  元代馒头窑、宋代龙窑、 清代镇窑、明代葫芦窑、 瓷音水榭，制瓷作坊， 小器作，明闾，清园， 唐英纪念馆，大件作， 风火仙师庙、瓷行等景点。  现为国家5A级旅游景区。 全国科普教育基地。  -------------------------  开放时间： 08:00-17:00。  门票价格：95元。 （网上：85元。）  瓷乐表演：（时间）  每天景区都有 “瓷音水榭”瓷乐团表演。  9：30—9：50、 10：20—10：40、 11：10—11：30、 14：00—14：20、 14：50—15：10、 15：40—16：00。   交通信息：（供参考）  公交车：  市内乘坐： 2、5、9路公交车， 在陶瓷历史博览区站下车。 然后，开始游览。  自驾游：  导航地点：  古窑民俗博览区停车场。  美食信息：  瓷泥煨鸡，景德镇酱鸭， 船板肉，高岭土煨肉， 志士肉，苦槠豆腐， 腌菜炒碱水粑，塔前糊汤， 景德镇腊肉，糯米鸡， 冷粉，板鸭，荷叶粉蒸鱼等。 您可以大快朵颐， 满足胃的需求。  住宿信息：  网友住宿：  景德镇市区， 高中低档宾馆很多， 根据自己需要、选择住宿， 您可以提前上网、 搜索预订，有备无患。,5,情侣夫妻,5小时,,,,2025-04-04,江西,,正面评论,TRUE,高中,4,春,春季学期
86620,景德镇古窑民俗博览区,知识科普型,历史文化遗产,160024986,65岁，学生暑假免费，登记就可以发票了，感兴趣的可以去看看，几个古窑，作坊，孩子高中学画画的，本想让孩子看看画画，制作工艺，有个女师傅，看她画了两笔就跟我们讲，让小孩体验下拉坯不，一个劲推销，有点反感，立马走了，其他师傅们都很专注的制作。,4,,,,,,2019-07-31,江西,,正面评论,TRUE,高中,7,夏,暑假
77934,河南博物院,知识科普型,博物馆,221718708,作为一名喜欢历史与文物高中生，在老师的讲解之中找到了题海之外历史的乐趣，莲鹤方壶，云纹铜禁等文物在老师的娓娓道来之中渐渐变得鲜活，碳化粟米，贾湖骨笛等初中历史课本上的图片在现实中有不一样的震撼，这或许是我们学习历史的意义，先看到课本与网络上的文物，在现场感受到再一次的震撼，抑或是先看到现实中的他们，再看到网络或课本上的他们那一刻的心灵相通，老师将三小时的内容压缩到两个小时内，这一场博物馆中的历史课，我从没感到腿酸。我们充分了解文物的背景知识之后，又从一楼开始慢慢欣赏了一遍，了解到他们的故事之后再欣赏是另一种奇妙的感觉。初次看到云纹铜禁时，我终于理解了“此中有真意，欲辨已忘言”是何种感受，我只想静静的看着它发呆，了解了背后修复的过程，与回归豫博的艰难，我再次回到四楼，被美震撼之余，又多了一重敬佩，这与在其他博物馆中的体验大又不同，最后，感谢老师用心的讲解，也一直耐心的等待我拍照留念，期待下一次来到河南,5,家庭亲子,,,,,2025-08-24,河南,,正面评论,TRUE,高中,8,夏,暑假
89144,河南宝泉旅游区,自然观赏型,自然保护区,177476591,好评，强烈建议开通年卡或季卡服务。另外景区的交通车这个车的必要性我觉得是有的，现在车多，这些山区的景区允许私家车随意进入的话堵车会很严重，里面停车区域毕竟很少。另外重要的是安全隐患，都是山路拐弯，可能许多人说自己技术好，不会出问题，但是我想说，你能报证自己技术好，你能保证别人技术好不撞你吗？ 但是吧，30的价格虽然比有些地方还行，但是我觉得降到10-20就行，长途车票价才多少呢，这样吸引更多游客利润就来了，要不然一家几口车票都多少，很肉疼。门票吧，我觉得还行，物有所值。里面烤肠4块一支，农夫山泉4块。餐饮店很多，大概物价比外面高一些，但是也能接受，不算离谱。 另外携程优惠信息上显示近期有一个学生优惠活动，说是现场咨询，现场三个售票口没人，问旁边工作人员说是没优惠,5,家庭亲子,,,,,2023-07-05,河南,,正面评论,TRUE,高中,7,夏,暑假
89144,河南宝泉旅游区,自然观赏型,自然保护区,177476568,好评，强烈建议开通年卡或季卡服务。另外景区的交通车这个车的必要性我觉得是有的，现在车多，这些山区的景区允许私家车随意进入的话堵车会很严重，里面停车区域毕竟很少。另外重要的是安全隐患，都是山路拐弯，可能许多人说自己技术好，不会出问题，但是我想说，你能报证自己技术好，你能保证别人技术好不撞你吗？ 但是吧，30的价格虽然比有些地方还行，但是我觉得降到10-20就行，长途车票价才多少呢，这样吸引更多游客利润就来了，要不然一家几口车票都多少，很肉疼。门票吧，我觉得还行，物有所值。里面烤肠4块一支，农夫山泉4块。餐饮店很多，大概物价比外面高一些，但是也能接受，不算离谱。 另外携程优惠信息上显示近期有一个学生优惠活动，说是现场咨询，现场三个售票口没人，问旁边工作人员说是没优惠,5,家庭亲子,,,,,2023-07-05,河南,,正面评论,TRUE,高中,7,夏,暑假
89144,河南宝泉旅游区,自然观赏型,自然保护区,177476567,好评，强烈建议开通年卡或季卡服务。另外景区的交通车这个车的必要性我觉得是有的，现在车多，这些山区的景区允许私家车随意进入的话堵车会很严重，里面停车区域毕竟很少。另外重要的是安全隐患，都是山路拐弯，可能许多人说自己技术好，不会出问题，但是我想说，你能报证自己技术好，你能保证别人技术好不撞你吗？ 但是吧，30的价格虽然比有些地方还行，但是我觉得降到10-20就行，长途车票价才多少呢，这样吸引更多游客利润就来了，要不然一家几口车票都多少，很肉疼。门票吧，我觉得还行，物有所值。里面烤肠4块一支，农夫山泉4块。餐饮店很多，大概物价比外面高一些，但是也能接受，不算离谱。 另外携程优惠信息上显示近期有一个学生优惠活动，说是现场咨询，现场三个售票口没人，问旁边工作人员说是没优惠,5,家庭亲子,,,,,2023-07-05,河南,,正面评论,TRUE,高中,7,夏,暑假
78087,天一阁博物院,知识科普型,博物馆,221501225,挺不错的，适合两三个小时游玩。适合初高中学生，不适合小朋友,5,家庭亲子,,1,0,,2025-08-22,浙江,,正面评论,TRUE,初中，高中,8,夏,暑假
10530510,中国地质大学-逸夫博物馆,知识科普型,博物馆,164878643,性价比高，里面有各种矿石宝石展，还有很大的恐龙化石，科普了很多化学地理知识，很有教育意义，如果以前高中的时候来看就不愁学习了。,4,单独旅行,,,,,2020-10-24,湖北,,正面评论,TRUE,高中,10,秋,秋季学期
77672,武汉动物园,知识科普型,动物园,207918096,咱们成年高中生买不了学生票,1,朋友出游,,1,0,,2025-04-06,湖北,,负面评论,TRUE,高中,4,春,春季学期
10558912,武汉大学,励志拓展型,大学,171115026,在门口观察半小时，一个阿姨说20元一个人免费转圈学校，我给了20块，在学校转了一圈，有“李四光”石雕，，有樱花不过是七月绿莹莹不见花，学生基本都市00后，，就我1997的老阿姨，，学生会打招呼，都怪我高中，高一全年级正数第七，高二全年级正数第九，高三学校说我不说话把我开除了，删除学籍，才16岁八个月不读书,5,,,,,,2022-06-18,湖北,,正面评论,TRUE,高中,6,夏,春季学期
112271393,武汉野生动物王国,知识科普型,动物园,172623141,门票斤斤计较，学生无学生票，网上购买二大一小，小孩个子高一点非得补票，太不人性化。门口买的动物食料没收，无人管，导致旅客在外面购买受骗！下次不来。,2,家庭亲子,,,,,2022-09-12,湖北,,负面评论,TRUE,高中,9,秋,秋季学期
77595,湖南博物院,知识科普型,博物馆,213991597,逛博物馆一定要请讲解，才能更深入的参观。这次参观刚好赶上了深圳高中生的研学，展厅全是穿着校服的小朋友，人山人海。在讲解员柠檬树小哥哥的带领下，见缝插针，用了将近2个小时的时间给大家做了精彩的讲解，让大家对马王堆有了更深的了解和认识。,5,情侣夫妻,,,,,2025-06-07,湖南,,正面评论,TRUE,高中,6,夏,春季学期
79124,厦门大学(思明校区),励志拓展型,大学,157377968,厦门大学可以说是高中一直奋斗的目标吧，很遗憾，没有那样一番才能，意料之中的没有如愿，为了弥补心中的遗憾，也想亲身去感受一番厦门大学的氛围，即使不能够成为那里的一名学生，那做一个有游客也市很好的，希望未来的我能以另外一种身份再次遇见厦大，万分期待。,4,,,,,,2018-12-07,福建,,正面评论,TRUE,高中,12,冬,秋季学期
83054,厦门科技馆,知识科普型,科技馆,162693560,有科技、有创意、有乐趣……玩一整天也不腻  到厦门旅游很多人以为厦门好玩的地方只有鼓浪屿、曾厝垵……其实还有一处本地人喜爱的地方——厦门科技馆，大人小朋友都爱，到这里可以嗨玩一天都舍不得离开。  厦门科技馆开业十几年，小朋友幼儿园玩到了高中，依然还是对它念念不忘。在这里不但可以玩，还可以学习到很多知识，从海洋、科技、生物、动物……多方面介绍，让小朋友、大人都了解那不同于表面的知识。  科技馆可是非常大的呢，从头到尾细细玩一遍，没有一整天，可是玩不过瘾的呢。在这里有着五大主题展馆：海洋馆、探索馆、和谐馆、创造馆、儿童馆，还有着临时展厅、特效影院等。丰富的展厅，每一样都有着独特之处，不但是亲子的好去处，而且还是开发智力、培养兴趣的好地方。,5,,,,,,2020-01-20,福建,,正面评论,TRUE,高中,1,冬,寒假
83054,厦门科技馆,知识科普型,科技馆,161657984,去的时候有一个学校的学生都在那里，孩子们玩疯了。 所以有些机器也坏了。 倒是没有我在电视上看到的那么高科技，以初高中的基础科学为主，其实我比较期待宇宙的板块，但是好少。 雨林系列比较惊艳，打造的很美，看到了一些可爱的珍奇动物。,4,,,,,,2019-10-22,福建,,正面评论,TRUE,高中,10,秋,秋季学期
83054,厦门科技馆,知识科普型,科技馆,159789323,小孩升高三，科技馆里各个展馆都认真看了，除了儿童馆，他很喜欢，对他的学习很有启发。,5,,,5,0,,2019-07-17,福建,,正面评论,TRUE,高中,7,夏,暑假
77702,张学良旧居,知识科普型,博物馆,190415093,人多，拥挤，闷热，这些全都是在意料之中的，都可以理解，但这服务态度我也真的是服了，在门口扫码买的票，我们是两个成人，三个13岁孩子，我们不知道孩子不需要买门票，而且扫码买票的选项上还有学生票的选项，也许是我没有看清，就给孩子买了三张，检票的时候，检票口的保安说孩子不需要买票，让我去售票处退票，我就来到售票处，这里有个带白色帽子戴着眼镜的女工作人员，拿着大喇叭对着我嗷嗷喊“扫没扫码呢，扫没扫码呢”，我说大人扫了，孩子的码没扫，她还在那拿着大喇叭对着我输出“扫没扫码”，我把音量提高一些，我说“大人的扫了，孩子的没扫”，这大妈可好，冲着我又喊，让我小点声，别喊，她也不看看自己音量多高，完了让我自己找订单退，我都热懵圈了，也被她喊蒙圈了，我说去哪里找订单，我本来就是用微信扫码付款的，也不知道去哪里找，她白眼翻上天，很蔑视我的样子，可能想着这我也不会！就在那喊着让我自己找订单退，我实在忍无可忍了，我跟她喊了一句“我要会，我找你干什么！”喊完她就老实了，用我手机一步步操作给我退了，什么东西，什么态度！操作完，没等我说谢谢，她拧头走了，边走嘴里还不干不净的骂骂咧咧，里面的工作人员还都是挺有礼貌的！,1,家庭亲子,,1,-12,,2024-08-20,辽宁,,负面评论,TRUE,高中,8,夏,暑假
77696,沈阳故宫,知识科普型,博物馆,199938894,"沈阳故宫值得一去，以下是其亮点：   历史文化价值深厚   - 它是清朝初期的皇宫，始建于1625年，后金天命十年努尔哈赤定沈阳为都城时开始建造，是中国仅存的两大皇家宫殿建筑群之一，也是关外唯一的皇家建筑群，见证了清朝的崛起与发展. - 沈阳故宫是清朝皇帝东巡的行宫，康熙、乾隆等皇帝在此留下了诸多历史遗迹和故事，对于研究清朝历史和皇家文化意义重大.   建筑风格独特   - 大政殿是沈阳故宫最早的建筑之一，八角重檐攒尖琉璃瓦顶，造型仿游牧民族的帐幄样式，殿顶的五彩琉璃宝顶和八名胡人力士雕塑精美，体现了多民族建筑艺术结合的特色. - 崇政殿采用木架结构，是东北地区常见的五间硬山式，琉璃瓦殿顶中央为黄色、边缘为绿色，正脊、垂脊等部位用彩色琉璃构件装饰，具有鲜明的满族特色. - 凤凰楼高三层，是盛京最高的建筑物，屋顶铺黄色琉璃瓦，绿瓦镶嵌剪边，楼上还收藏有乾隆御笔亲题的“紫气东来”匾.   丰富的文物收藏   - 沈阳故宫博物院共有基本陈列9个，存有文物藏品34类，藏品总共105,085件，其中国宝级文物众多，如清太祖努尔哈赤御用宝剑、清太宗皇太极御用腰刀、清郎世宁设色竹荫西图轴等. - 文溯阁是西路的主要建筑之一，专为存放《四库全书》而建，体现了当时皇家对文化教育的重视，也让人们能一窥古代皇家藏书的规模与风貌.   宫廷生活展示   - 中路的清宁宫是清太宗皇太极和皇后的寝宫以及满族信仰风俗举行萨满教祭祀的场所，其屋内西侧形成“筒子房”格局，东梢间也为帝后的寝宫，能让人了解到满族的居住习俗和宫廷生活特点. - 东西所位于故宫的东西两侧，是清朝皇家的生活区，现已改建为展览馆，展示了清朝的宫廷文化和生活，包括宫廷服饰、生活用品等，生动再现了当时的皇家生活场景.   文化活动丰富   - 景区会举办各种文化活动，如在特殊节日推出的宫廷文化表演，让游客能更直观地感受清朝宫廷的文化氛围. - 2024年中秋国庆双节假期，沈阳故宫首次展现东路建筑群夜间景观，设置了“天·宫之镜”“我在沈阳挺好”等景观小品和拍摄打卡点，深受年轻观众喜爱.",5,家庭亲子,1天,,,,2024-12-19,辽宁,,正面评论,TRUE,高中,12,冬,秋季学期
77696,沈阳故宫,知识科普型,博物馆,162568298,玩的很高兴，适合孩子，学习历史，需要一下午的时间才能游览完，如果比较详细的参观的话，可能要满满一整天的时间，我家孩子高中，很喜欢,5,,,,,,2020-01-08,辽宁,,正面评论,TRUE,高中,1,冬,寒假
77709,辽宁省博物馆,知识科普型,博物馆,180450649,这是第二次请辽博的专业讲解…感谢陆老师细致专业的讲解，我们一行五位， 二位高中生一位大学生二位曾经的媒体从业者，对陆老师深厚的知识储备，由浅入深的讲解深深打动，俗话说，腹有诗书气自华！理科高中帅哥陷入思考，学历史看来很有必要….,5,朋友出游,,,,,2024-01-20,辽宁,,正面评论,TRUE,高中,1,冬,寒假
75682,秦始皇帝陵博物院(兵马俑),知识科普型,博物馆,177791666,秦始皇帝陵博物院位于陕西省西安市临潼区，是以秦始皇兵马俑博物馆为基础，以秦始皇帝陵遗址公园（丽山园）为依托的一座大型遗址博物院；也是以秦始皇帝陵及其众多陪葬坑为主体，基于考古遗址本体及其环境的保护与展示，融合了教育、科研、游览、休闲等多项功能的公共文化空间。2007年，秦始皇帝陵博物院获评首批国家AAAAA旅游景区，景点包括秦始皇兵马俑博物馆和丽山园。两个景点相距2200米，观众可乘坐免费旅游专车往返。2008年，秦始皇兵马俑博物馆获评首批国家一级博物馆。2009年，秦始皇兵马俑博物馆取得团体考古领队资格。兵马俑博物馆分为三个坑，三个坑规模宏大，面积加起来有两万平方米，差不多有50个篮球场那么大，而且类型多，个性鲜明。放眼望去，坑里的兵勇马俑相间，一行行一列列十分整齐，仿佛军队浩浩荡荡即将出征。那站在队伍前面，还头戴金冠，身披铠甲，手握宝剑，昂首挺胸，身材魁梧的是谁呢？是将军俑。武士俑身高一米八，体格健壮，身体匀称，身穿战袍，脚蹬前端向上翘起的战靴，手持兵器整装待发。 温馨提示：参观学习一下，不建议自驾车前往，找车位较难，交通十分拥堵，其他方面前注意带着身份证，通过网络预约购票即可，,5,家庭亲子,,,,,2023-07-29,陕西,,正面评论,TRUE,高中,7,夏,暑假
75682,秦始皇帝陵博物院(兵马俑),知识科普型,博物馆,203394479,博物馆内容很好，差在挂有博物馆牌子的工作人员，一直拉人去看表演与“地宫”，很贵很不值得，看的东西毫无意义，毫无营养！浪费时间浪费钱！导致我们没有赶上二区观看，学生的钱本就不多，还要哄骗我们去看假的布景。 博物馆不管理人员吗？没有考虑过回头客吗？本身这里的文化是很值得我们来学习的，我也带了一个高中生来学习，却因为不熟悉浪费了时间与机会，一些蛀虫搞的大家体验感很差，如何再来？,1,家庭亲子,5小时,1,-12,,2025-02-06,陕西,,负面评论,TRUE,高中,2,冬,寒假
101097,西安碑林博物馆,知识科普型,博物馆,177353404,西安、兰州一路走来，明天回程，8天的旅行就结束了，盘点一下，碑林请到导游张昊，算是本次旅游top one的收获。女儿大一暑假，哥哥的孩子高考完，两家人凑一块旅游。为锻炼孩子，行程交给她们安排，自然无法周全。去碑林的前一天的下午，才想起需要导游，携程匆忙下单，还好可以安排。第二天9点，和张导约在碑林大门口碰头，尽管36度的天气，馆内人挤人，张导一丝不苟的把精华点都讲到，讲解了近三个小时，全程和两个孩子的互动非常好，孩子们答对了，就得到正面激励，把孩子的积极性调动起来，听得非常认真，也没叫苦。重点是，张导介绍时结合作品、作者、时代背景、历史故事，延伸诠释人生观、价值观，鼓励孩子们终身学习。结束告别时，才知道张导本科学的电子，热爱历史，曾当过历史老师，带过高三历史课，难怪有育人的职业习惯和热情。能感受到张导会对碑林的热爱，对中国历史和文化的喜爱，知之者不如好之者，好之者不如乐之者，张导引用送给两个孩子的话，他自己就是例子。,5,家庭亲子,,,,,2023-06-30,陕西,,正面评论,TRUE,高中,6,夏,春季学期
84631,西安钟楼,知识科普型,博物馆,211541037,工作人员态度差，女儿买了学生票，并出示了高中学生证，说是18岁要我们证明是不是学生，天呐高三学生难道不是18岁，我提供了佐证材料，你不认不是应该你自己去举证吗，到全国各地包括西安旅游也没碰到过如此没有常识和无理取闹的要求，我觉得钟鼓楼博物馆的领导应该好好的培训一下员工，不要影响西安的形象。,2,家庭亲子,,1,-12,,2025-05-14,陕西,,负面评论,TRUE,高中,5,春,春季学期
75684,陕西历史博物馆,知识科普型,博物馆,157152722,如果来西安，我感觉第一站就应该是陕西历史博物馆。作为一座国家级的博物馆，里面的藏品丰富而珍贵，藏品从周、秦、汉、隋、唐、元等多个朝代，可以从一件件文物背后换一个角度去再次了解历史，非常值得一看。而且，还可以选择实名制免费领取参观门票，但是有一点我得提醒大家，参观博物馆一定要找一位讲解员，要不整个过程就是走马观花了，就失去参观的意义了。我这一次非常幸运碰到了里面的志愿者讲解王兢老师，她讲解的内容通俗易懂，两不少专业的词汇转化成白话文甚至是流行语，既亲近又明了（这不是广告，因为志愿者是免费讲解的）。不过这个过程发现自己的脑容量不够，听到最后感觉好像高三努力学习了一天，整个脑袋是沉甸甸的感觉。 四个字吧：不虚此行！,5,,,,,,2018-11-05,陕西,,正面评论,TRUE,高中,11,秋,秋季学期
133987592,陕西考古博物馆,知识科普型,博物馆,189894573,陕西考古博物馆真的很棒！它是新馆，面积大、展示丰、设施好，人很多也不会热（人也没有很多），三层楼逛得很尽兴。可以免费预约来，但还是强烈建议买讲解，2.5h/3h都行，我们约的就是3h，王姗老师的讲解很细致生动，一路顺着历史脉络听下来涨了不少考古和历史方面的知识，也没有错过重点展品（有一个镇馆之宝如果没有讲解老师提醒的话很容易错过！错过错亿啊），体验完就真的很庆幸当初订了专业老师的讲解，不然体验真的会差很多、错过知识洗脑的感觉，历史爱好者一本满足！讲解结束后可以自己再走回头路看看之前略过的展区，展区里互动设置还不少（注意：因为陕西考古博物馆跟考古研究所各种意义上的很近，是真的可以在互动设置摸到真·文物的），对历史很感兴趣看得很细的话真可以泡一天。 也很推荐有孩子的家庭带孩子来学习感受，不过因为主要是更侧重考古、遗址方面，专业性比起其他文物为主的博物馆专业性更强了，不建议带太小的孩子来（会听不懂进而无聊），也不建议带对历史完全不感兴趣甚至厌恶的孩子来（听起步两个半小时的大课会很无聊），带初高中年龄是感觉最适合的。全成年人来也很合适！大孩子也是孩子（👉🏻👈🏻🥹）,5,家庭亲子,4小时,,,,2024-08-17,陕西,,正面评论,TRUE,初中，高中,8,夏,暑假
13826401,陕西自然博物馆,知识科普型,博物馆,221411723,西安旅行第五天.实在没有可去的地方.就定的自然博物馆.而且带带是大龄学生.不报太大期待.结果进去发现.这门票太值得了.里面有地质历史发展史.对于初中高中生地理知识很直观的了解.每一个场馆都逛了.非常好.建议来西安旅行的带上孩子来逛逛.,5,家庭亲子,,,,,2025-08-22,陕西,,正面评论,TRUE,高中,8,夏,暑假
13826401,陕西自然博物馆,知识科普型,博物馆,221411548,西安旅行第五天.实在没有可去的地方.就定的自然博物馆.而且带带是大龄学生.不报太大期待.结果进去发现.这门票太值得了.里面有地质历史发展史.对于初中高中生地理知识很直观的了解.每一个场馆都逛了.非常好.建议来西安旅行的带上孩子来逛逛.,5,家庭亲子,,,,,2025-08-22,陕西,,正面评论,TRUE,高中,8,夏,暑假
13826401,陕西自然博物馆,知识科普型,博物馆,178277895,地质科普，从小学生道初高中生都能学到知识，还有几百种甲虫🐞标本，我的天。暑期的西安太热了，推荐带孩子来这里，既学习又避暑。,5,家庭亲子,,,,,2023-08-13,陕西,,正面评论,TRUE,小学，初中，高中,8,夏,暑假
13826401,陕西自然博物馆,知识科普型,博物馆,178277869,地质科普，从小学生道初高中生都能学到知识，还有几百种甲虫🐞标本，我的天。暑期的西安太热了，推荐带孩子来这里，既学习又避暑。,5,家庭亲子,,,,,2023-08-13,陕西,,正面评论,TRUE,小学，初中，高中,8,夏,暑假
13826401,陕西自然博物馆,知识科普型,博物馆,178277880,地质科普，从小学生道初高中生都能学到知识，还有几百种甲虫🐞标本，我的天。暑期的西安太热了，推荐带孩子来这里，既学习又避暑。,5,家庭亲子,,,,,2023-08-13,陕西,,正面评论,TRUE,小学，初中，高中,8,夏,暑假
10795375,西宁野生动物园,知识科普型,动物园,175951795,高中学习生物，青海野生动物野马野驴野骆驼,5,,,,,,2023-05-26,青海,,正面评论,TRUE,高中,5,春,春季学期
10534852,香港铁路博物馆,知识科普型,博物馆,162178111,要到这里并不容易。首先，我需要坐火车到大埔站，然后步行到这个博物馆（你也可以在太和站下车，然后步行到这个博物馆）。但我是铁路粉丝，所以我下定决心走远路。从外面看，火车站看起来像一座庙宇。事实上，它是旧九龙铁路线上唯一具有这种特征的车站。在博物馆内，我意识到它与高雄塔高铁路博物馆相似 - 旧售票处，旧铁路车票，铁路模型，铁路线路和车站老照片，等。就像塔高一样，这个博物馆有旧轨道，旧机车。但不同的是，塔高铁路博物馆已将火车场区改造成哈马森铁路文化公园。还有一个哈马森铁路博物馆 - 非常棒的！停用的旧大埔墟火车站是一充满中国特色青瓦建筑，现已改为火车博物馆。展馆地方较小，可参观的项目也不多，但若果喜欢古董火车，或作为小朋友教育媒体，或休憩的地方，则不失为一不错的选择⋯⋯ 居港这么多年，一直没有太多动力专程来参观。,4,,,,,,2019-12-02,香港,,正面评论,TRUE,高中,12,冬,秋季学期
24652141,齐齐哈尔博物馆,知识科普型,博物馆,178106206,齐齐哈尔也就博物馆还算可以。希望高科技的含量在提高一些就更完美了！推荐学生经常去，多了解历史，体会到美好生活的来之不易，珍惜现在，努力奋斗。,5,家庭亲子,,,,,2023-08-02,黑龙江,,正面评论,TRUE,高中,8,夏,暑假
